Company,Fiscal Year,Total Revenue ($B),Net Income ($B),Total Assets ($B),Total Liabilities ($B),Cash Flow from Operating Activities ($B),Weighted Average Shares Outstanding ($B),Revenue Growth (%),Net Income Growth (%)
Apple,2022.0,381.35999999999996,96.88,351.58666666666664,264.47333333333336,106.55,16.426666666666666,-2.2605789539834222,-0.6724513919686257
Microsoft,2022.0,192.76,67.08666666666667,344.72333333333336,187.9433333333333,81.88666666666667,7.54,-10.831388637992696,-8.089580391524485
Tesla,2022.0,84.46666666666667,9.493333333333334,85.93666666666667,41.20666666666667,13.646666666666667,3.0833333333333335,-32.48349895145062,-32.154442780080316
