,Total Revenue ($B),Net Income ($B),Total Assets ($B),Total Liabilities ($B),Cash Flow from Operating Activities ($B)
Total Revenue ($B),1.0,0.9411999027634846,0.7933219208615063,0.9374343530414057,0.9074012765264542
Net Income ($B),0.9411999027634846,1.0,0.9471924646281304,0.9956487497807305,0.9958803434539865
Total Assets ($B),0.7933219208615063,0.9471924646281304,1.0,0.946805143981382,0.9684702170046083
Total Liabilities ($B),0.9374343530414057,0.9956487497807305,0.946805143981382,1.0,0.9919730843379998
Cash Flow from Operating Activities ($B),0.9074012765264542,0.9958803434539865,0.9684702170046083,0.9919730843379998,1.0
